,post_count,comment_count
2017-01-01,0.05857282846320855,0.5280893711244423
2017-01-02,-0.7964617438551458,-0.38678106291575587
2017-01-03,-1.0464142307082114,-1.0660111414178184
2017-01-04,-1.1802635636383652,-0.6984156770466027
2017-01-05,-1.1547173179377856,-0.792547392326641
2017-01-06,-1.3831432413740252,-1.0440378610586374
2017-01-07,-0.9285027636061003,-0.7042972258565386
2017-01-08,-0.7979432989382707,-1.0051285696702021
2017-01-09,-0.7011539817080112,-0.712177576102968
2017-01-10,-1.0402779487637086,-1.3816820156333782
2017-01-11,-0.9628755783107289,-0.9944238751689889
2017-01-12,-1.0440758734103268,-1.255769239538735
2017-01-13,-1.1722673308533305,-1.4103659021897241
2017-01-14,-0.464487713896936,-0.19234630538282238
2017-01-15,-0.6417627926649272,-0.7335286318302
2017-01-16,-0.9542736416539312,-0.9582591695382847
2017-01-17,-1.0482131907653773,-0.9753666590426164
2017-01-18,-1.3204468359039119,-1.4813966770295932
2017-01-19,-0.9374027964242257,-1.5882495642027648
2017-01-20,-0.890251139703136,-1.5325774827635714
2017-01-21,-0.5152258267487337,-0.6685856885297518
2017-01-22,-0.6446977545002804,-0.7211863116219137
2017-01-23,-0.6996795927823357,-0.36535035256023884
2017-01-24,-0.8700094007691117,-0.5862536775410233
2017-01-25,-1.012073867901161,-0.9337754909272928
2017-01-26,-0.7776936546449715,-0.8895527421542601
2017-01-27,-0.9869709417633651,-1.1848036674370632
2017-01-28,-0.4758162788324296,-0.5370550906539112
2017-01-29,-0.37602067899405434,-0.5409976515581135
2017-01-30,-0.6567599875207857,-1.1003739342688188
2017-01-31,-0.8578653870161659,-1.0341349337868677
2017-02-01,-1.1019495294283064,-1.5118352346503083
2017-02-02,-0.8808295700481246,-1.1188321349151964
2017-02-03,-1.1467131299334627,-1.2793744039227157
2017-02-04,-0.3649158949107355,-0.7893711290098939
2017-02-05,-0.5865010616041387,-0.8737699640671416
2017-02-06,-1.0731375091589244,-1.3460297244019717
2017-02-07,-1.0834096310598604,-0.8841143060380494
2017-02-08,-0.9799528233848775,-0.9733434496897397
2017-02-09,-0.8515405198816066,-1.151786873380571
2017-02-10,-0.7401550296383553,-0.9599416829476688
2017-02-11,-0.44859061622893814,-0.8021810688975304
2017-02-12,-0.40519617580319545,-0.28819873561391396
2017-02-13,-0.7037224256288963,-0.650455266534381
2017-02-14,-0.5548364044733107,-0.6839141361239439
2017-02-15,-0.5366805272221283,-0.7638365624835648
2017-02-16,-0.6748067715056,-1.2033104692392342
2017-02-17,-0.8100960887966817,-1.2136713533664953
2017-02-18,-0.4906719315248895,-0.6217670116493079
2017-02-19,-0.5218483366706085,0.045535240457554305
2017-02-20,-0.7224824610883839,-0.6238986473660616
2017-02-21,-0.9926289222360862,-0.9397332669757181
2017-02-22,-1.0055498305767383,-1.1874479783497898
2017-02-23,-1.0397781204424146,-0.9456952784387593
2017-02-24,-0.9924663667089737,-1.123120981771299
2017-02-25,-0.5886839368567185,-0.7439406399591845
2017-02-26,-0.6292876228121289,-0.6894446414740238
2017-02-27,-0.5456516639771429,0.2809072549908738
2017-02-28,-0.7246892022443506,-0.0031484555632477207
2017-03-01,-0.9867823308815085,-1.1560619581783176
2017-03-02,-0.7669256852307255,-0.9011409599487581
2017-03-03,-0.9233074081364855,-1.0289518448901522
2017-03-04,-0.40548626446875025,-0.3813364439060333
2017-03-05,-0.6086540072732668,-0.5467299537186385
2017-03-06,-0.9132785167280493,-1.0621878250759185
2017-03-07,-0.948533365783601,-1.1130937861368195
2017-03-08,-0.7880501806475149,-0.986079948588864
2017-03-09,-0.9094954322731599,-1.3294158976830441
2017-03-10,-0.656691026395877,-0.8819731153456369
2017-03-11,-0.15917408864602334,-0.2229529183131682
2017-03-12,-0.17956671594342233,-0.11316754181192046
2017-03-13,-0.7137003327243476,-0.5928389758077814
2017-03-14,-0.7364667897378172,-1.2281894363265708
2017-03-15,-0.9362553119111078,-1.2640881952253418
2017-03-16,-0.5836771323552646,-1.0695624250019962
2017-03-17,-0.3730661687285105,-0.791069257720657
2017-03-18,-0.22028205802625722,-0.44061600937160694
2017-03-19,-0.17022619326286226,0.013342809724833038
2017-03-20,-0.7080703558458421,-0.2801393979226356
2017-03-21,-0.7265905926821544,-0.8842400267549546
2017-03-22,-0.96740886030383,-1.1586713306005327
2017-03-23,-0.804006331245007,-1.4197441882416608
2017-03-24,-0.7621784788773383,-0.8350293923793243
2017-03-25,-0.5331608813503768,-0.561110039580811
2017-03-26,-0.3033545111387471,-0.014496363192496364
2017-03-27,-0.910790568666526,-1.1391780615508984
2017-03-28,-0.6760618681366244,-0.934264884138311
2017-03-29,-0.7700391422453094,-1.1179318043256452
2017-03-30,-0.9297900981048502,-1.0507045028643993
2017-03-31,-0.6152038632160489,-0.7811113232041769
2017-04-01,-0.2273807812357007,-0.5289027730226401
2017-04-02,-0.2375660841711551,-0.5665141327733474
2017-04-03,-0.6287844999692281,-0.940192974633117
2017-04-04,-0.7151848163499633,-0.7642993984958164
2017-04-05,-0.6962656818594145,-0.6321522998130263
2017-04-06,-0.5123301938063546,-0.7961909840220666
2017-04-07,-0.15010251252752305,-0.5210644184286445
2017-04-08,-0.029865595997496497,0.18358762512848026
2017-04-09,-0.3434590985027406,-0.12249050589034238
2017-04-10,-0.25078172721345937,-0.3269288888334011
2017-04-11,-0.6126053870338788,-0.8080167677778245
2017-04-12,-0.4465526295827228,-0.6773033406639513
2017-04-13,-0.6568533108362533,-0.8258248377689661
2017-04-14,-0.4327796642029923,-0.640544204472961
2017-04-15,-0.36398550231792015,-0.007203908824257366
2017-04-16,-0.3828481270731622,-0.004062023247657698
2017-04-17,-0.39384682703030094,-0.18604555870603723
2017-04-18,-0.853144701251837,-0.8690521470570781
2017-04-19,-0.6758250223314011,-1.0805804350313406
2017-04-20,-0.5424242645274249,-0.792275287872358
2017-04-21,-0.7263220977739131,-0.6110690337678012
2017-04-22,-0.36466487128680125,-0.4290657951811415
2017-04-23,-0.34263184680130354,0.05837888505251354
2017-04-24,-0.15187576893160265,-0.10241835226649887
2017-04-25,-0.7190075580591698,-0.7253588366640246
2017-04-26,-0.5548204614365617,-0.5836106320107948
2017-04-27,-0.7154469651146074,-1.1173756196532596
2017-04-28,-0.2084885488606888,-0.18011062179274684
2017-04-29,-0.2686491175523076,-0.32190994859863786
2017-04-30,-0.2555553551738081,-0.21943194465874483
2017-05-01,-0.12303496391975471,0.0684224050847535
2017-05-02,-0.431237234696755,-0.1313815025806196
2017-05-03,-0.6770193778451064,-0.48457100471665715
2017-05-04,-0.6244246596450985,-0.29831764612675626
2017-05-05,-0.6861282483196873,-0.588780863762644
2017-05-06,-0.5684813452344262,-0.3973955628610246
2017-05-07,-0.3079918877512964,-0.4963723369881877
2017-05-08,-0.6229251602150485,-1.013563692359037
2017-05-09,-0.7441515719721519,-1.05597033918895
2017-05-10,-0.6540104766326786,-1.1714653750513584
2017-05-11,-0.6788686874028863,-0.932419577153758
2017-05-12,-0.6601105674701172,-0.7270862998648834
2017-05-13,-0.2902468322493448,-0.4015080334775084
2017-05-14,0.181195890809271,-0.3698109400654269
2017-05-15,-0.4431750599457923,-0.6800752996310329
2017-05-16,-0.5388118468929748,-0.6320999489935177
2017-05-17,-0.6680828783788078,-1.011440430114664
2017-05-18,-0.6272384609225599,-0.8680505234430459
2017-05-19,-0.6560616363574268,-0.8764470385419616
2017-05-20,-0.1574323427001647,-0.6248266649346403
2017-05-21,-0.10730729253963855,-0.5797594995370561
2017-05-22,-0.7784969397530649,-0.957567286321066
2017-05-23,-0.7224736800997712,-1.2401272911767793
2017-05-24,-0.76665626101123,-1.1432213235987578
2017-05-25,-0.5179433389506706,-0.999774314118925
2017-05-26,-0.5612483265539,-0.5273378473346183
2017-05-27,-0.11377870757112185,-0.5534658857398362
2017-05-28,-0.1878808225953943,-0.30633640804565954
2017-05-29,-0.03627118013504427,-0.4391185498582546
2017-05-30,-0.5629416366777842,-0.7663631047512734
2017-05-31,-0.7732072241751604,-1.4911719864769113
2017-06-01,-0.9262223799784985,-1.3900385537488749
2017-06-02,-0.5524347480313214,-0.7095029843927645
2017-06-03,-0.16995031110025738,-0.5612818738274308
2017-06-04,-0.43023825797343596,-1.1247439201511888
2017-06-05,-0.5478607975173275,-1.0845665702340392
2017-06-06,-0.643999008838755,-0.8570258559070202
2017-06-07,-0.9280097175412447,-0.9779643580339231
2017-06-08,-0.46276726671431834,-0.3708285478581368
2017-06-09,-0.6567768048973699,-0.6098371860165315
2017-06-10,-0.07665415265556108,0.7228952433025072
2017-06-11,0.16456819291303126,0.2509121158309483
2017-06-12,-0.7579862744494248,-0.6393934353528135
2017-06-13,-0.7244245850167215,-0.6167456745356876
2017-06-14,-0.7330348381635158,-0.47495098574343336
2017-06-15,-0.6887345613928759,0.195163772660917
2017-06-16,-0.8561477245218948,-0.3461142656756591
2017-06-17,-0.32112258299336827,-0.37680249904866814
2017-06-18,-0.0020364610387300086,-0.058010171521352016
2017-06-19,-0.8722533162192369,-1.000432929082752
2017-06-20,-0.7553797773517472,-1.115184659597423
2017-06-21,-0.45010551777304014,-0.3755902874605406
2017-06-22,-0.9192305107627631,-0.7759606188368539
2017-06-23,-0.846728783795568,-0.7121163169525959
2017-06-24,-0.47957798888994607,-0.4278453663629338
2017-06-25,-0.38292835575093676,-0.7632307049263638
2017-06-26,-0.8740458899226861,-0.9786346651384469
2017-06-27,-1.0132146861740776,-0.7659083071363255
2017-06-28,-0.9297172808878718,-1.3792479747104882
2017-06-29,-1.0670154357697337,-1.3445104947311726
2017-06-30,-0.7619701233649037,-1.1593123617451004
2017-07-01,-0.35737589306184525,-0.687667446519958
2017-07-02,-0.46397178444735043,-0.7340568390678337
2017-07-03,-0.8202219729080585,-0.4072664835085682
2017-07-04,-0.26984430459593367,-0.6111188828809837
2017-07-05,-0.6553859935304349,-1.1033690324650958
2017-07-06,-1.195723409800782,-1.2170779456270966
2017-07-07,-0.5591071527425622,-0.7986726637412411
2017-07-08,-0.5986940926805432,-0.920523109714548
2017-07-09,-0.4988199766336876,0.09265324039950423
2017-07-10,-0.737435031601253,-0.6724428736569243
2017-07-11,-1.0419776265536773,-1.2977091290499159
2017-07-12,-1.1246825750763465,-1.0262317226097382
2017-07-13,-1.0562668214079007,-1.3504100866241076
2017-07-14,-0.6731067517589947,-0.6280772494113913
2017-07-15,-0.5187423259472643,-0.80176207666268
2017-07-16,-0.7363020210500963,-0.5490686328219876
2017-07-17,-0.7952237029171152,-1.1294015616445172
2017-07-18,-0.8498244580944582,-1.1376683550966815
2017-07-19,-1.0753082249360804,-1.4995919442111758
2017-07-20,-1.0255018762559054,-1.5671306366590585
2017-07-21,-0.5300001767754368,-0.2990059223061999
2017-07-22,0.43602726304789435,0.7227318852067421
2017-07-23,-0.2294450270492997,0.365095734284223
2017-07-24,-0.5367742620377929,-0.1590469774725415
2017-07-25,-0.9553347291490513,-0.5233114819448568
2017-07-26,-0.8290561957068687,-0.9817922381838156
2017-07-27,-0.7445140140705833,-1.0212232014532743
2017-07-28,-0.4965915240013793,-0.45427545285174076
2017-07-29,-0.2641183489871515,0.10787605815939783
2017-07-30,-0.2777654445145893,-0.8522718139282089
2017-07-31,-0.6648361002397891,-0.6515655071548017
2017-08-01,-0.9042860765747391,-0.9147463955967969
2017-08-02,-1.3026440980161638,-1.2842998827781433
2017-08-03,-0.8668700752952769,-0.9471791341668263
2017-08-04,-0.4094464360722797,-0.47304977589284714
2017-08-05,-0.7053392302372308,-0.3426863896179888
2017-08-06,-0.5550487587260127,-0.5190123525166199
2017-08-07,-0.8450928622200056,-1.0454940602918317
2017-08-08,-0.6336934276618786,-0.49215539562419014
2017-08-09,-0.7827785330969943,-0.326520788506354
2017-08-10,-0.8690450768168315,-1.3318040817330237
2017-08-11,-0.6556145175623185,-1.0612526528497703
2017-08-12,-0.3524500648534319,-0.758678685605903
2017-08-13,0.038148666924449515,-0.17058810967633753
2017-08-14,-0.6507446028548769,-0.5034171318912231
2017-08-15,-0.9068031752229875,-1.204812973281494
2017-08-16,-0.5968383914155924,-1.034983933864484
2017-08-17,-0.5905667601868525,-0.37969412372431427
2017-08-18,-0.4484596130531462,-0.3146401812729467
2017-08-19,-0.05044455417890881,-0.35267119704091965
2017-08-20,-0.19753296215912397,-0.462804896443782
2017-08-21,-0.5223123109106145,-0.7270825635730523
2017-08-22,-0.6591132159942047,-1.0958732500900559
2017-08-23,-0.8084171561613209,-0.7314803420485955
2017-08-24,-0.8648677497012699,-0.9500314729961836
2017-08-25,-0.31307672420456545,-0.875654286079159
2017-08-26,-0.37172662495960407,-0.12294986079355752
2017-08-27,-0.1776159901194363,-0.4782064012502213
2017-08-28,-0.4627514985353688,-0.2873358502321513
2017-08-29,-0.5097715525899874,-0.8511655994889642
2017-08-30,-0.46440582370607564,-0.6190270797184511
2017-08-31,-0.5134658977527333,-1.1291518995847911
2017-09-01,-0.7255520633743412,-0.626050568168069
2017-09-02,-0.4118799172589459,-0.2465078866748045
2017-09-03,0.1803068551600946,-0.4594255656184687
2017-09-04,-0.16925460553403648,-0.03942540419765983
2017-09-05,-0.1335638598934884,-0.9164902970190254
2017-09-06,-0.34545457680997654,-0.6993574951759495
2017-09-07,-0.5298965938426448,-1.0064189982530527
2017-09-08,-0.49066244017471305,-0.712465653528711
2017-09-09,0.2452149402001541,-0.12568982652202798
2017-09-10,0.3605777021455926,0.5296359791441633
2017-09-11,-0.0410889553006199,0.16957756832322035
2017-09-12,-0.5425220704242674,-0.5671948308095378
2017-09-13,-0.07581546632833192,0.06056516214773322
2017-09-14,-0.43884908350924146,-0.6611129893664763
2017-09-15,-0.3283837766254293,-0.9282295783791934
2017-09-16,0.06936065343824205,-0.42928942864276465
2017-09-17,0.14350046828136753,0.18856221330982992
2017-09-18,-0.20428971345532626,-0.1292672465858835
2017-09-19,-0.03410893056086106,-0.44075764383754507
2017-09-20,-0.2601551533994084,-0.4871894071006229
2017-09-21,-0.259576473828678,-0.4679615423122982
2017-09-22,-0.40417535799739457,-0.6905340700318918
2017-09-23,-0.22593142038725667,-0.8434569565803047
2017-09-24,0.032220967284793955,-0.3601249362747766
2017-09-25,-0.469978344050093,-0.9032131565267854
2017-09-26,-0.4158450226222957,-0.7556594213831012
2017-09-27,-0.19801568452642282,-0.2923890944842088
2017-09-28,-0.5046133285670478,-0.8136133278727155
2017-09-29,-0.5071878857992351,-0.9892359307970299
2017-09-30,-0.056433899217675165,-0.9319730795230108
2017-10-01,0.036647721313317505,-0.6920431774259995
2017-10-02,-0.28312322572415327,-0.49853262847475815
2017-10-03,-0.4810432077364082,-0.7327362672588409
2017-10-04,-0.2864629494514669,-0.42895282504742543
2017-10-05,-0.6982405279921893,-0.5999837949402593
2017-10-06,-0.15630741904588152,-0.140954423772148
2017-10-07,0.2684627749405999,0.34424806311365486
2017-10-08,-0.0038565670678192276,0.2650617673164858
2017-10-09,-0.24124667809907813,-0.49069106962017517
2017-10-10,-0.3688400437911773,-0.6046849169033999
2017-10-11,-4.615401507779282e-05,-0.4675787317589186
2017-10-12,-0.5957468578408446,-0.9521601241714224
2017-10-13,-0.10105992421181742,-0.1271573659650651
2017-10-14,0.028469652688133618,-0.2751642102529793
2017-10-15,0.1474592121317494,0.0807068947796129
2017-10-16,-0.28994518624060345,-0.4693536611934889
2017-10-17,-0.38326325849547643,-0.48086804795133664
2017-10-18,-0.6578674704113339,-1.1292135759625044
2017-10-19,-0.12667562176434222,-0.6311252789269637
2017-10-20,-0.5847792575843351,-0.8892072647533393
2017-10-21,-0.18653539497741034,-0.3607128492558831
2017-10-22,0.008293304457144268,-0.03481006263670694
2017-10-23,-0.14853636867272613,-0.3838543432070428
2017-10-24,-0.3592564383625813,-0.8334281580019536
2017-10-25,-0.4014161031026316,-0.35171186915501496
2017-10-26,-0.39666520796843013,-0.7009777187470068
2017-10-27,-0.5662452495480718,-0.24382163170127036
2017-10-28,-0.0004712647388940283,0.2607757482267483
2017-10-29,-0.008206554685905143,-0.20011902779623603
2017-10-30,-0.21677575023136342,-0.9143342049111187
2017-10-31,-0.4506183606702634,-0.832884816918635
2017-11-01,-0.22465085691365272,-0.6056934558978124
2017-11-02,-0.24465317976250928,-0.18377020570345026
2017-11-03,-0.32540671657521336,-0.45026813123673576
2017-11-04,-0.04043239672914245,0.0759722389171863
2017-11-05,0.15511975484069984,0.04179818334907093
2017-11-06,-0.28440527872741983,-0.33853631818923574
2017-11-07,-0.3668148618309437,-0.41636137905947496
2017-11-08,-0.29668820581655164,-0.4831717466111335
2017-11-09,-0.5200118861848446,-0.5708506363333872
2017-11-10,-0.29146382055443576,-0.24732779455681975
2017-11-11,-0.150185578414485,-0.05562761301559216
2017-11-12,-0.09817024373912397,0.05317966319233158
2017-11-13,0.0987443359587766,0.5847841455082217
2017-11-14,-0.622318729468524,-0.9903551132518679
2017-11-15,-0.5082922979188842,-0.7314422755557964
2017-11-16,-0.183544292692576,-0.10184997954096886
2017-11-17,-0.09094880111420267,-0.2752135994913396
2017-11-18,0.2953383633596499,0.5026075890181715
2017-11-19,-0.26912238730133264,0.25543747572435405
2017-11-20,-0.400264176831562,-0.9231503037862367
2017-11-21,-0.09338331003164921,0.6603087493365789
2017-11-22,-0.6211592265910937,-0.5603433744795544
2017-11-23,-0.07007456204574436,-0.1525432997086429
2017-11-24,0.030161053588597775,0.12083981873121008
2017-11-25,0.12417794148062167,0.10112797820758623
2017-11-26,-0.12335767083621685,-0.1732424617786309
2017-11-27,-0.17661167301997688,-0.20574941549350217
2017-11-28,-0.2221826320281964,-0.22704659148539083
2017-11-29,-0.4004377222375574,-0.4962706312696493
2017-11-30,-0.39731709405434323,-0.7535185246540035
2017-12-01,-0.3778130797657793,-0.6520412877917682
2017-12-02,-0.2358792019066942,-0.15728820109809805
2017-12-03,0.205960303528961,-0.18486982552350828
2017-12-04,-0.02214213519140279,-0.0639579948081688
2017-12-05,0.132665422311306,-0.16594044508038547
2017-12-06,-0.1243238144915329,0.04073852080672924
2017-12-07,-0.10482985089736485,-0.33346207810342665
2017-12-08,0.20743056203434646,-0.1009661852406264
2017-12-09,-0.0966428144646132,0.17688889671510544
2017-12-10,0.1280982977131857,0.44396020992499324
2017-12-11,0.5030378869407884,0.4857903967188454
2017-12-12,-0.015351410199832993,0.10171684972822631
2017-12-13,0.4051297761503012,-0.47260378874989317
2017-12-14,-0.0927737496755297,-0.17624576436889478
2017-12-15,-0.16017608758710522,-0.4545598171862594
2017-12-16,0.33287538287255547,-0.06819360692943888
2017-12-17,0.29401885022759666,0.02197335966081093
2017-12-18,0.27073952152264674,-0.6255500146528707
2017-12-19,0.19435011583010586,-0.22051977251637545
2017-12-20,0.3090451575163363,-0.4313771609516888
2017-12-21,0.09417230776998009,0.08927792034791171
2017-12-22,0.0991187260243277,0.9024541746017597
2017-12-23,0.4912998739636818,1.2837620544840358
2017-12-24,0.6358799400530917,1.4495023799779636
2017-12-25,0.4804218600413681,0.6542218502131081
2017-12-26,0.12024087538633643,1.041404747735694
2017-12-27,-0.025652260255004722,-0.03771227782671327
2017-12-28,-0.40598434065961275,-0.2662040589586682
2017-12-29,-0.0272626728721429,-0.21071478830954593
2017-12-30,0.20873365313926984,0.3911887831038888
2017-12-31,0.821873420730471,0.5751094366410476
2018-01-01,1.082470986407849,1.48794404804742
2018-01-02,-0.14690774745206087,-0.26980005340399316
2018-01-03,-0.20277684095192147,-0.028411269734769734
2018-01-04,-0.08146530263323262,-0.5899841810895092
2018-01-05,-0.19717858847478453,-0.5868506081493794
2018-01-06,-0.0438533008489993,0.04981072347859139
2018-01-07,0.12170664540923526,0.6718937001524794
2018-01-08,-0.200451784990002,-0.1215355682661991
2018-01-09,-0.3101406539803109,0.189177798350762
2018-01-10,-0.36719278056443294,-0.4248769400312905
2018-01-11,0.0008334387373322982,0.09962876565203939
2018-01-12,-0.2516065380408535,0.5293481623849927
2018-01-13,-0.07725366897560115,-0.03550864639234552
2018-01-14,0.13144462388368006,0.17514318684667857
2018-01-15,0.20775331876190967,1.3023525018488513
2018-01-16,0.14812225462225648,0.19237104377062564
2018-01-17,0.31714126380574714,0.768391712566779
2018-01-18,0.030836596129706184,0.1835862266502435
2018-01-19,-0.37011401531208105,0.6508563779904971
2018-01-20,-0.09770764122082853,-0.1009509220682393
2018-01-21,0.09265068823048961,0.11617283779034021
2018-01-22,-0.38364750691057314,-0.11756130428469536
2018-01-23,-0.483993091467114,-0.4280503072092503
2018-01-24,-0.4379423002926956,-0.49587542170942245
2018-01-25,-0.5444560842788215,-0.29065546667966846
2018-01-26,-0.0788074719602363,0.563338619487719
2018-01-27,0.4910229362093983,1.4162101969855736
2018-01-28,0.6139545036230865,1.4537279918530515
2018-01-29,0.27988228549410377,1.5742175505782463
2018-01-30,0.2652747331230926,0.42210761219320425
2018-01-31,-0.08352018955185947,0.2491893222545533
2018-02-01,-0.40663169756167505,-0.10669768798226117
2018-02-02,0.05651818901340033,1.1693219027926198
2018-02-03,0.018559188197182164,0.15367973105437394
2018-02-04,0.3562267288006845,0.227342688475062
2018-02-05,0.20643541226565304,-0.0882780334541457
2018-02-06,0.0475792671389007,0.38540832109122725
2018-02-07,-0.37038574909343003,0.16304049816635077
2018-02-08,-0.4139703815020982,-0.9507928776176038
2018-02-09,-0.33817191537628205,-0.08445478824918984
2018-02-10,0.2119485742844041,-0.1383062500811319
2018-02-11,0.22601783145849608,-0.22216235906698328
2018-02-12,-0.32116000680069634,-0.029957385791358523
2018-02-13,0.005022054402430545,-0.59217203490516
2018-02-14,-0.00921245411961083,-0.058822234902990794
2018-02-15,-0.08305081394547753,-0.23332999878648253
2018-02-16,0.14383008591737323,-0.11112612444255009
2018-02-17,-0.058175124785121435,0.15138668852973658
2018-02-18,0.15756517007619664,-0.19004937314638226
2018-02-19,-0.08596572501362555,0.39677544047815827
2018-02-20,-0.05923915379561809,-0.006541044814821956
2018-02-21,-0.23769423807883347,-0.11895333922021517
2018-02-22,-0.3648497995247431,-0.7034689883381824
2018-02-23,-0.10004098759653196,-0.30167502554850506
2018-02-24,0.19258795189481082,0.004566096600900571
2018-02-25,0.36042441070985687,0.3419177665443943
2018-02-26,0.011536479609507821,0.18301790543345803
2018-02-27,-0.34515649535336257,-0.6117377729291292
2018-02-28,-0.31573664748068325,-0.4896979903640891
2018-03-01,-0.4149532109207982,-0.4343133671361718
2018-03-02,-0.20330872091285512,0.2429100722315065
2018-03-03,0.22696553352865678,0.41300651607667843
2018-03-04,0.43294512529619056,0.4873728179751371
2018-03-05,-0.05303918339060887,-0.05703745080348747
2018-03-06,-0.18713522328303872,0.02683407983558144
2018-03-07,-0.42167777088902175,0.11979283110545556
2018-03-08,-0.18593738982573643,0.0784870247567007
2018-03-09,-0.17738509282998421,-0.571624582736139
2018-03-10,-0.017468062930081518,-0.15545008721634335
2018-03-11,0.11937802399486097,-0.03353297129820587
2018-03-12,-0.07907828329136954,0.17515900386614514
2018-03-13,-0.08419230532773875,-0.11987919574024519
2018-03-14,0.06188296444937967,0.35047423250812076
2018-03-15,0.13265635084447763,-0.2999718960018002
2018-03-16,0.13166453941146944,0.0945663531027129
2018-03-17,0.24350130915346757,0.19578119505729963
2018-03-18,0.12412555085599608,0.15558622180005965
2018-03-19,0.26237051108874876,-0.09638995256338517
2018-03-20,-0.15996753058510593,-0.7142472302978102
2018-03-21,-0.3838644777157929,-0.7284060888974937
2018-03-22,-0.10944687408184413,-0.09740412925278329
2018-03-23,-0.08029928961024674,-0.5192147135533666
2018-03-24,-0.062020023556027204,-0.07865186545056008
2018-03-25,0.3409591384559594,0.549428170150785
2018-03-26,0.06662939810235438,0.22840489185399204
2018-03-27,0.07196906326184715,0.30997425509148646
2018-03-28,-0.4321393797757998,-0.7107789169312103
2018-03-29,-0.0778299567757744,0.12679152271459987
2018-03-30,-0.028865716875443426,1.0516203090736405
2018-03-31,-0.1111988363558516,0.06346801463393248
2018-04-01,-0.01940438206222994,0.43428826241408347
2018-04-02,-0.14221494629584047,-0.14357541440259644
2018-04-03,0.11110417850023033,-0.2623115694248891
2018-04-04,-0.09737531327802001,-0.16591207457551171
2018-04-05,-0.2960647127227353,-0.18935822395267743
2018-04-06,-0.09248530201263283,-0.08859362768266109
2018-04-07,0.17279903137079689,0.5642739248576614
2018-04-08,0.08973714810601208,0.1671306177166728
2018-04-09,0.23835413403750802,0.5328366191845063
2018-04-10,0.12635798872086473,0.16969004464282983
2018-04-11,-0.2945455481006306,0.04816224439234448
2018-04-12,-0.11909659193243749,-0.3881010124033286
2018-04-13,-0.09137097658345167,-0.15818210298968105
2018-04-14,0.5633791753142156,1.0331964794513306
2018-04-15,0.13434069230562287,0.6632886384946632
2018-04-16,-0.1743518065721122,-0.35333607409566825
2018-04-17,-0.20460802351871427,-0.3834916855316463
2018-04-18,-0.24789985837397788,-0.3607673757289129
2018-04-19,-0.26861185191684184,-0.146816544878784
2018-04-20,0.1324252735945618,-0.005014111658404036
2018-04-21,0.11842328800636226,-0.2169691005441055
2018-04-22,0.3667474487546498,-0.3171639258418789
2018-04-23,-0.11897275405830388,0.14292105025597232
2018-04-24,0.3050147181384669,-0.28905319281444364
2018-04-25,-0.2088510953232451,0.1611524098891312
2018-04-26,-0.08075876064088472,0.13980006969988407
2018-04-27,0.20182628463166494,-0.4407428051984488
2018-04-28,0.25612250196820185,0.22829000446881687
2018-04-29,0.31465769737750937,0.10020833151645775
2018-04-30,0.0629248387858532,-0.1633164068978065
2018-05-01,-0.0001447544793506672,0.009468646192703628
2018-05-02,-0.32227805492606204,-0.7632168200508884
2018-05-03,-0.00010178947258479565,0.04800738304985401
2018-05-04,-0.302147019258158,-0.5975231379717331
2018-05-05,-0.004317515475589007,-0.17462439903168403
2018-05-06,0.17559576688557976,0.038846304009990146
2018-05-07,-0.08138166343613784,-0.11465662991166167
2018-05-08,-0.1471879142697719,-0.5557383758150969
2018-05-09,-0.15058692088320644,-0.32217321695898005
2018-05-10,-0.29247729822311075,-0.3179954009818427
2018-05-11,-0.22663853962384028,-0.1984551830371849
2018-05-12,0.2746578870245443,0.1249309689137933
2018-05-13,0.39097039319511045,0.43790844248900734
2018-05-14,0.06996067955611408,-0.29804325098135126
2018-05-15,-0.15218940263346847,0.22555453895948346
2018-05-16,-0.4329799222046148,-0.4147141921438574
2018-05-17,0.03836873066456099,-0.825336457075289
2018-05-18,-0.2598833913162457,-0.9681960791975983
2018-05-19,0.06940991724387235,-0.33971951189048283
2018-05-20,0.43572694268897105,-0.0035679281218132797
2018-05-21,-0.15134040131795823,-0.6183039486111411
2018-05-22,0.011004788423689335,-0.3048767469844331
2018-05-23,0.17859364217255103,0.03462873922260856
2018-05-24,-0.1352545096489291,0.3486485207175216
2018-05-25,-0.03494020404475606,-0.41598691003355437
2018-05-26,0.6902052782107534,0.8399014620949534
2018-05-27,0.16350454607505943,0.33671942953533307
2018-05-28,0.378964369040903,0.3039641393289859
2018-05-29,-0.45545953193890987,-0.07658952400554142
2018-05-30,-0.9157099243937405,-0.7026696499261479
2018-05-31,-0.03246519735556008,-0.6543218957355013
2018-06-01,-0.3284575911152544,-0.7105938859130452
2018-06-02,-0.18387723831831387,-0.08430160787426116
2018-06-03,0.10053398283186232,-0.00843690455449328
2018-06-04,0.10463749202247513,0.18709514496158813
2018-06-05,-0.2198424486155341,-0.7623799421115449
2018-06-06,-0.42937233065339225,-0.33881141277814775
2018-06-07,0.025416253305495587,-0.5277361652622178
2018-06-08,0.9637998457549866,0.9364712241435336
2018-06-09,0.9000465491016613,1.386560827201191
2018-06-10,1.0422193777034572,1.7528380641498857
2018-06-11,-0.2054382081938253,0.11541437260904647
2018-06-12,-0.21249776110969618,0.07043108933575787
2018-06-13,-0.003497703151175119,-0.6071869777921415
2018-06-14,-0.13769889224290147,-0.6280929947991193
2018-06-15,0.02633305059904597,0.026871977560932236
2018-06-16,0.37853318991923257,0.6943165853037988
2018-06-17,0.4504208966462964,1.3863077186040602
2018-06-18,-0.14548143209356776,0.9644197937953835
2018-06-19,0.33227936565861305,0.15428864428585057
2018-06-20,-0.19335618616369724,0.4730837578403133
2018-06-21,-0.35517282086234536,-0.21388215883143102
2018-06-22,-0.21831504072677896,-0.07778940350143614
2018-06-23,0.4391839643100653,0.2740388583181765
2018-06-24,0.15367177639541926,-0.04949389522275455
2018-06-25,-0.03826436970514979,-0.1437566019474325
2018-06-26,-0.3405434725401181,-0.4075324306693479
2018-06-27,-0.5774181984033638,-0.06034978471484595
2018-06-28,-0.31876993289508254,-0.6822513016572694
2018-06-29,-0.22988022525475335,-0.5246338824598233
2018-06-30,0.10590239418270114,-0.20549652782373895
2018-07-01,0.5270648965322031,0.3113187900483756
2018-07-02,0.13907776795961463,0.5950669296118711
2018-07-03,-0.5854805593683116,-0.0867502624315209
2018-07-04,0.22166187242965457,0.6620210304838279
2018-07-05,-0.2502815126251956,-0.3721850970869569
2018-07-06,-0.5752629881973484,-0.6094735650520366
2018-07-07,0.010546886631953578,0.0970888992416023
2018-07-08,0.30233218260410794,0.04063201849214232
2018-07-09,0.28830715565225773,-0.18070307344410774
2018-07-10,-0.11311106727781678,0.08531302407124614
2018-07-11,-0.18001366967442353,-0.5245954843158094
2018-07-12,-0.20503005621654022,-0.04323160553840022
2018-07-13,-0.25464513993240295,-0.25409298219043247
2018-07-14,-0.017051133944178343,0.6092290220705281
2018-07-15,0.4704184592562872,0.24859152787997618
2018-07-16,-0.06746573600429909,0.16911945545760715
2018-07-17,-0.10185981254046647,-0.2649956034711476
2018-07-18,-0.6070576981043136,-0.9507675567788649
2018-07-19,-0.4721845414785564,-0.5187014314596262
2018-07-20,-0.3110754683117141,-0.5171315097279274
2018-07-21,0.10336091138543599,0.8975788787802458
2018-07-22,-0.07328184854769779,-0.061260284842670404
2018-07-23,-0.6342639381949495,-0.32236654112700236
2018-07-24,-0.0645398418282821,-0.6423295353224028
2018-07-25,-0.31850856119716353,-0.08082223214744116
2018-07-26,-0.4880496420804606,-0.29593100694005414
2018-07-27,0.09721409861215358,0.031538792572708696
2018-07-28,0.550745464860587,0.3541398931193725
2018-07-29,-0.1849771228124586,-0.3085610810073752
2018-07-30,-0.23540255134502505,0.5088543122206592
2018-07-31,-0.26337737091094887,-0.2929871761259073
2018-08-01,-0.5259652674258317,-0.17649480648226895
2018-08-02,-0.5374234330858811,-0.5422280291610955
2018-08-03,-0.4669539460425239,-1.1262694708673249
2018-08-04,0.055892948784601104,0.6619646794844406
2018-08-05,0.1724582828533305,-0.2972708820765757
2018-08-06,-0.286853782561077,0.4057888538743167
2018-08-07,-0.11860417072235674,-0.47124096001029414
2018-08-08,-0.5229968128905208,-0.08639959229850525
2018-08-09,-0.4038291577162982,-0.39631231915046006
2018-08-10,-0.09971167804513076,0.12418920560331048
2018-08-11,-0.2733721647303722,0.17287198476152368
2018-08-12,-0.03208419277400648,0.2847117680551403
2018-08-13,-0.2907183171972406,-0.8329801977392738
2018-08-14,-0.16686766869908487,-0.9391180775604495
2018-08-15,-0.5865160005181345,-0.48013413104599895
2018-08-16,-0.21091187546942491,0.1256955219887939
2018-08-17,-0.2721307142676322,-0.3903671744741273
2018-08-18,-0.1540036476414502,-0.5049302881272557
2018-08-19,0.2543261111127753,0.21483675861687165
2018-08-20,-0.26178093684152914,-0.6305172778643886
2018-08-21,-0.6314700354028402,-0.9114058415676594
2018-08-22,-0.4517406726955353,-0.6234496893306067
2018-08-23,-0.622807960863686,-0.5824208154320417
2018-08-24,-0.3556727134566464,-0.8985694722749136
2018-08-25,0.054575124039673795,0.09449632472910363
2018-08-26,0.2882323978568195,0.6383900744544448
2018-08-27,0.018366787556348397,-0.24502270825123684
2018-08-28,-0.3369955103540592,-0.5145216249793689
2018-08-29,-0.6182024635369554,-0.5299735625856732
2018-08-30,-0.3442530156684667,-0.4067480259573551
2018-08-31,-0.44457422730837637,-0.9815571698235707
2018-09-01,-0.18560474802496874,0.08799890485251943
2018-09-02,-0.02265505936530926,0.37655448828637783
2018-09-03,0.027280927663998006,0.5033679259843307
2018-09-04,0.13429514691416544,0.051708133660654465
2018-09-05,-0.34954342279871403,-0.8192442226173003
2018-09-06,-0.07425331574407684,-0.2612504470100382
2018-09-07,-0.2536274281489527,-0.3335303797963167
2018-09-08,0.4220277467749854,-0.2089410578478305
2018-09-09,0.18153236854032187,0.6408201102035606
2018-09-10,0.3675424062813368,0.13875679254342566
2018-09-11,-0.354272333335822,-0.4411657029186393
2018-09-12,-0.1483131703377663,-0.3541402025715005
2018-09-13,-0.4365814979584764,-0.7369197247147887
2018-09-14,-0.2860776721622902,-0.5056805027362105
2018-09-15,-0.22921727463362962,-0.08098521607266163
2018-09-16,0.4005440726866999,0.11916495096505522
2018-09-17,-0.08771294926718255,-0.10673625779636405
2018-09-18,0.023636365309079845,0.04807779195224138
2018-09-19,-0.30914061714289165,-0.24349902607087787
2018-09-20,-0.2817704168367725,-0.5952715266379098
2018-09-21,-0.26307132493560365,-0.3887432485994218
2018-09-22,1.0326693313790587,1.6760157975063843
2018-09-23,0.6419637502885346,0.7957839805654419
2018-09-24,0.1813302644355854,0.30700363400473113
2018-09-25,-0.12972198499301754,0.05594797982840116
2018-09-26,-0.05573513867403696,-0.5710102878237471
2018-09-27,0.05719722200471322,0.39389233112517436
2018-09-28,0.05796986320438227,-0.5419179336623784
2018-09-29,0.2500216573631787,0.2446230549657731
2018-09-30,0.33414054365995083,0.7973920252596489
2018-10-01,-0.14172076194567884,0.28682623888435416
2018-10-02,0.051856258081815265,-0.49616114674494505
2018-10-03,-0.10384680474332678,-0.2911026016598392
2018-10-04,-0.5066991319493723,-0.3959293257453692
2018-10-05,-0.19018086169124063,-0.4787352114228981
2018-10-06,0.2632332686395394,0.3452236307988126
2018-10-07,0.1867301943206501,0.5774420295956416
2018-10-08,-0.02529866521166469,-0.034144046081023366
2018-10-09,-0.277539545754518,-0.5647336901478348
2018-10-10,0.04640488590845554,-0.7036088637146802
2018-10-11,-0.020641989640418516,-0.08044135394202256
2018-10-12,-0.4012847668245049,-0.6470917925007027
2018-10-13,0.21438879381091494,-0.56709248453955
2018-10-14,-0.028937873915461876,-0.6243157479403364
2018-10-15,-0.22602991382052562,-0.36643400213749516
2018-10-16,-0.05436829948602517,0.22155053385559115
2018-10-17,-0.33125768177575887,-0.623160670831825
2018-10-18,-0.001130891935107764,-0.9992769113161657
2018-10-19,-0.2753040762774559,-0.9309231851036667
2018-10-20,0.3240043782807256,0.4115923543428811
2018-10-21,0.34318288505994293,0.5643494233130381
2018-10-22,0.22177266538671253,-0.8029073874918717
2018-10-23,-0.2741639167383646,-0.4933389340676335
2018-10-24,-0.23423564696470153,-0.944206515176706
2018-10-25,-0.37857499540153067,-1.2997651086768636
2018-10-26,0.04483158000739943,-0.8859602904257242
2018-10-27,0.38732680928436647,-0.17643877713029998
2018-10-28,0.47327039236847834,0.11350555615576205
2018-10-29,0.14750642254787885,-0.07180451786761646
2018-10-30,0.02003665206056182,-0.5391003614708321
2018-10-31,-0.12400443909425622,-0.7664094713055701
2018-11-01,0.5546326637654182,-0.30646947583011536
2018-11-02,0.15899933541725783,-0.6291891879343614
2018-11-03,0.07988164357983063,-0.4814395205845426
2018-11-04,0.2849788868556611,0.6272258402507862
2018-11-05,-0.10177209138306592,-0.40907798748389423
2018-11-06,-0.3197637552632734,-0.6270464553859646
2018-11-07,-0.05776254831522058,-0.519620852103199
2018-11-08,-0.22247220772057186,-0.08530810892181236
2018-11-09,-0.45822808502776285,-0.7384339415992516
2018-11-10,0.17498502510641498,0.23997969755365647
2018-11-11,0.4085934355524498,0.5369781916220034
2018-11-12,-0.045529282038527574,-0.04871667100837396
2018-11-13,-0.4840489024289933,-0.677625283942215
2018-11-14,-0.35242228291375677,-0.8246722839414831
2018-11-15,-0.23482723414739198,-0.0511555569096826
2018-11-16,-0.28519704927326534,-0.14492445185078418
2018-11-17,-0.12522129909475746,0.19083503883189878
2018-11-18,0.11447253711964281,0.2488346386613501
2018-11-19,-0.2227190314455418,-0.8157260257208353
2018-11-20,-0.49346354384581814,-1.0395329729553173
2018-11-21,-0.2786010783245723,-0.4597046751060945
2018-11-22,0.012928782170029914,0.29039040963382456
2018-11-23,-0.3506069210105272,-0.16968645409653507
2018-11-24,-0.2957394822152259,0.10695344356247767
2018-11-25,-0.21178114147154814,0.24477959495561372
2018-11-26,-0.2176124051709517,-0.32885253776398926
2018-11-27,-0.3234861505736266,-0.20522245125109959
2018-11-28,-0.6238775121771805,-1.0604996708375167
2018-11-29,-0.6304240353500129,-1.0616892040293593
2018-11-30,-0.25380571778565425,-0.7725496572588779
2018-12-01,0.04687722039524267,-0.644013342675567
2018-12-02,0.38401330362707536,0.2677217079853256
2018-12-03,-0.17051009336718997,-0.731473694939442
2018-12-04,-0.15743891281560202,-0.11248662588244823
2018-12-05,-0.7836302347397186,-0.8700518779274857
2018-12-06,-0.32295959124512374,-0.8914492838987118
2018-12-07,-0.4083145840578316,-0.38601578059202823
2018-12-08,-0.15383618460781792,-0.7572573081246023
2018-12-09,-0.0375751143758621,0.10829345491180153
2018-12-10,0.006836109560883985,-0.6537854850280096
2018-12-11,-0.10209304023039328,-0.03828030222064299
2018-12-12,-0.20341387558626114,-0.42735785665082343
2018-12-13,-0.03154460317317606,-0.12333202485430589
2018-12-14,-0.5975623742182588,-0.9388473413166984
2018-12-15,0.648407322390856,0.3648508178373385
2018-12-16,0.03611624405094001,0.053194487249090275
2018-12-17,0.32884990959003385,-0.113501660115531
2018-12-18,-0.5276670480706565,-1.0019786484029543
2018-12-19,-0.3051268604227902,-0.6242090226766479
2018-12-20,0.1340506599668202,-0.3930680734070019
2018-12-21,0.0913053086075307,-0.08323058621003651
2018-12-22,0.7179359238269223,0.18009513148987594
2018-12-23,0.06187970258676112,0.16926765047006753
2018-12-24,0.49156871757395804,0.33310649151630345
2018-12-25,0.6613064154565967,1.2583945697927914
2018-12-26,0.08469147057177112,-0.0942027976948179
2018-12-27,-0.35424650535543234,-0.27781600365117715
2018-12-28,-0.5139254673200504,-0.5076909490542997
2018-12-29,0.08404445960256457,-0.15698808258803226
2018-12-30,-0.10330150667869589,0.48981173378179793
2018-12-31,0.47019040844591,1.7182851411179145
2019-01-01,1.661546781693958,1.8562805352147933
2019-01-02,0.3165485669219712,0.41838561458710555
2019-01-03,0.13162278473275257,-0.12502064859747875
2019-01-04,-0.6785688402666248,-0.38318631711624485
2019-01-05,0.17204606907487047,0.09401747232248137
2019-01-06,-0.011654524215677975,0.11028598624119146
2019-01-07,0.07893134720720274,0.8306165639650201
2019-01-08,-0.5164104088277781,-0.053825184096812806
2019-01-09,-0.6347611655534309,-0.06519634111742179
2019-01-10,-0.31745761529115113,-0.3171187558814665
2019-01-11,-0.5719956489319378,-0.40263462437396
2019-01-12,-0.4086367532522375,-0.460547194899264
2019-01-13,-0.27645808252765747,-0.4358571159732229
2019-01-14,-0.6188400989338589,-0.3551254064825725
2019-01-15,-0.6823390078987404,-1.111176544051014
2019-01-16,-0.4229364799113269,-0.4450869681124754
2019-01-17,-0.1392956680607984,0.04967738802813726
2019-01-18,-0.8579639390924845,-0.9279169205547309
2019-01-19,-0.147462683494742,-0.5687771822657428
2019-01-20,-0.07513325786474487,0.058495929390076556
2019-01-21,-0.5094073791318069,-0.6294283605972111
2019-01-22,-0.7033133416628811,-0.8202337120777632
2019-01-23,-0.4483475417883031,-0.5020746353086687
2019-01-24,-0.2183923379408878,-0.5655171296838408
2019-01-25,-0.7566394767928567,-0.8719395668367038
2019-01-26,-0.1778692443884388,-0.7096064420298336
2019-01-27,-0.06684482541225706,-0.1599135433587675
2019-01-28,-0.31126839127034833,-0.764533395297182
2019-01-29,-0.3163312629761451,-0.5957666175366684
2019-01-30,-0.7924654217005066,-0.38329040222403
2019-01-31,-0.9094800446045598,-1.3194533472257555
2019-02-01,-0.34543952149857304,-1.1690409238141615
2019-02-02,-0.025643320314758106,-0.6838143676410438
2019-02-03,0.028304243137190432,-0.07332341014893949
2019-02-04,0.16632224286119146,-0.6222146367435102
2019-02-05,-0.32939006007010224,-0.15038223835599523
2019-02-06,-0.6841128961836516,-0.6402177291291368
2019-02-07,-0.4555048624011325,-0.45357955785314746
2019-02-08,-0.48285687762731133,-0.34651719983376233
2019-02-09,-0.1345815787675345,0.2031753060463524
2019-02-10,0.1568493684543154,0.1756923933004528
2019-02-11,-0.11452284363446041,-0.3052415571309759
2019-02-12,-0.20011773334188065,-0.7205779342344094
2019-02-13,-0.2690522305118376,-0.7305596344504126
2019-02-14,0.195096050989913,-0.955484975958881
2019-02-15,-0.25086225614330665,-0.516452601354625
2019-02-16,-0.24680095669541202,-0.4705897776364793
2019-02-17,-0.38908644706481804,-0.05385893500436181
2019-02-18,-0.43274910985591014,-0.6755490417414852
2019-02-19,-0.5254728473836598,-0.39476302392901524
2019-02-20,-0.27601558362319767,-0.3799675464827571
2019-02-21,-0.5581936291434407,-1.0094044944398934
2019-02-22,-0.5072071338366226,-0.9013387570603155
2019-02-23,-0.18439326077910587,-0.5904949197496703
2019-02-24,-0.2368798544884957,-0.5539937551301304
2019-02-25,-0.635782946442302,-1.0206671633152107
2019-02-26,-0.3240044166800657,-0.7345408332740158
2019-02-27,-0.7887494489114374,-1.2262991368503215
2019-02-28,-0.5722771425878118,-1.034280413630668
2019-03-01,-0.16938247753575125,-0.562592354003047
2019-03-02,-0.20626452888301267,-0.3980354245834905
2019-03-03,-0.43378492608422636,-0.4837185116644909
2019-03-04,-0.42788772763530847,-0.6039589493054865
2019-03-05,-0.3420481032604662,-0.5968249362326344
2019-03-06,-0.17661776468737178,-0.8259876903821826
2019-03-07,-0.1361060574174524,-0.22082228020682315
2019-03-08,-0.15141678605779224,-0.808045379440264
2019-03-09,-0.0046505893712748825,-0.07602860582697535
2019-03-10,-0.18798590460622605,0.2365474029250901
2019-03-11,-0.34751650855799154,-0.48840593514704245
2019-03-12,-0.5942551962986677,-0.47188026345530637
2019-03-13,-0.5358441953599682,-1.1180318346996767
2019-03-14,-0.2909316671800408,-0.14482126795213823
2019-03-15,-0.3559717633001659,-0.8516756889360488
2019-03-16,-0.11811076379799643,0.0510789814528889
2019-03-17,0.22788388259741077,1.0210752052511496
2019-03-18,-0.26322266765286073,-0.13475478186355366
2019-03-19,-0.29594164997254435,-0.9954355532929645
2019-03-20,-0.2964110209769265,-0.32273921499397806
2019-03-21,-0.27832442996720713,-0.10923896358203444
2019-03-22,-0.2604398776701347,0.45700528889749104
2019-03-23,0.36680625898942615,0.3674332306222443
2019-03-24,-0.1287583050028987,0.6378106860755403
2019-03-25,-0.47868549734105986,-0.3338870977572682
2019-03-26,-0.0008818270741091094,0.02828362119188066
2019-03-27,-0.19032297643235602,0.8202591465481626
2019-03-28,-0.6064152437426392,-0.8731365598618024
2019-03-29,-0.02635249181782462,-0.1458233139914295
2019-03-30,0.04749660402998168,0.8239777540195887
2019-03-31,0.1262938573880803,1.3263784917436514
2019-04-01,-0.1398985787049084,0.5610731828945437
2019-04-02,-0.4134370739998157,0.9991061532348006
2019-04-03,-0.25148160023938654,0.03900667097415422
2019-04-04,-0.16940796807826453,0.590869085359966
2019-04-05,-0.12764918838651124,0.23250820020182195
2019-04-06,0.24626247756359457,0.29344008216516104
2019-04-07,0.8761431790758429,0.5354440146826209
2019-04-08,0.06167879101572271,-0.3953337929314578
2019-04-09,0.08358664553344575,-0.4600541898565056
2019-04-10,-0.4408978060226583,-0.018268924542420573
2019-04-11,-0.27641093909694014,-0.28788296791677626
2019-04-12,-0.20342226426678373,-0.287686137331627
2019-04-13,0.5891681825926831,0.7541887537111364
2019-04-14,0.2963591524958239,0.35946244548089823
2019-04-15,0.005123236183305679,0.04178992366862136
2019-04-16,0.03817155643620063,0.1802214294624107
2019-04-17,-0.3154911364617372,-0.1040824545209515
2019-04-18,-0.23329939103018416,0.21264295775840458
2019-04-19,0.019089592588659055,0.49602298277349793
2019-04-20,0.3894422968377608,0.6485833340662924
2019-04-21,0.8912753980876853,1.0300849517183648
2019-04-22,0.3142047174652509,-0.27032702032876144
2019-04-23,0.6179633781502233,0.297435536625933
2019-04-24,0.4215936543789829,0.15158835863674663
2019-04-25,-0.19300473450238914,0.26343561353277817
2019-04-26,0.32378896519756223,-0.3579312870249407
2019-04-27,0.3229757743861528,0.5836541359586573
2019-04-28,0.10777007899110076,0.6960960025680004
2019-04-29,0.44846913104042635,0.5898950092615909
2019-04-30,0.49721041100981467,0.729595764792327
2019-05-01,0.09461529564337362,-0.1876766004047813
2019-05-02,0.12188919702697326,0.3960251503358805
2019-05-03,0.39381533091794313,0.40164728045345877
2019-05-04,0.4369721196005728,1.101667726745305
2019-05-05,0.20205181609481804,0.8831211249713595
2019-05-06,0.5955301053153104,2.7971391120435944
2019-05-07,0.2782229036518751,0.22291568043064314
2019-05-08,0.5381253903690443,0.6468025850392476
2019-05-09,0.18843430050417082,0.3570590965908392
2019-05-10,0.13417315459786727,0.6608313282633594
2019-05-11,0.4670181694651058,0.7739277094267942
2019-05-12,0.3857905476280421,0.5681186658066446
2019-05-13,0.5904060103945519,0.9741558898670766
2019-05-14,0.12679686934659362,-0.2624689789207678
2019-05-15,0.12185484138868485,0.23740120208254747
2019-05-16,-0.2612865863401896,0.1554932515810587
2019-05-17,0.11018469103568512,0.2341697419652249
2019-05-18,0.7684138952834507,0.10350264819841637
2019-05-19,0.463215924906196,0.6041715926424366
2019-05-20,-0.30292534126419113,-0.08097956558543586
2019-05-21,0.06359036997129275,0.4396025418011922
2019-05-22,-0.13088049497192739,0.2795439485897258
2019-05-23,0.07318687499705773,0.39686801321960014
2019-05-24,0.4256991311847405,0.3395096012660477
2019-05-25,0.25913973087177966,0.0075721898168288615
2019-05-26,0.3288487852530909,0.9705353047677728
2019-05-27,0.1680100243988113,-0.13230173179923888
2019-05-28,0.3288439480601981,0.08963349442676527
2019-05-29,-0.07264255019566912,-0.2906790675680905
2019-05-30,0.540960341263584,0.0016395191328453795
2019-05-31,0.34677973981204474,0.5010475218249425
2019-06-01,0.6813254587049065,1.476075985510621
2019-06-02,0.1611174900879181,1.2462445559077224
2019-06-03,0.06279533747045107,0.28279984960808646
2019-06-04,0.6400458103561123,1.0744092672600576
2019-06-05,0.30374771098731057,-0.029598537635708244
2019-06-06,0.09049328827544845,0.4707753473954432
2019-06-07,0.47949880509490406,0.487636724737292
2019-06-08,0.6269677197877225,1.1370249926909612
2019-06-09,0.5788817005544391,1.6549410430030744
2019-06-10,0.224984197904466,0.32908774301560423
2019-06-11,0.21496578026604618,0.8721662199329137
2019-06-12,0.4630604318168716,0.6891718879381914
2019-06-13,0.07783993327638117,0.09239213308314187
2019-06-14,0.3627680026559372,0.2182891544556772
2019-06-15,0.4215574495032536,0.6795284314937073
2019-06-16,0.3814921250953907,1.1197287636778377
2019-06-17,-0.06133176696004006,0.03903166946886877
2019-06-18,0.46623288444707867,-0.0033311540816539087
2019-06-19,-0.2512773575285597,0.6806715891630417
2019-06-20,0.44897548832799516,0.761799058407957
2019-06-21,-0.1755527827913655,-0.08456585660479737
2019-06-22,0.31119951993362266,1.0284759337001053
2019-06-23,1.6853796726465307,1.7892240747295025
2019-06-24,0.5485641392961288,1.1705291998688412
2019-06-25,0.6801041502202716,0.9892713818680914
2019-06-26,0.9500468086288206,0.8505331651517041
2019-06-27,0.8964270992291671,0.6238689205171801
2019-06-28,0.4966762623022719,0.4656151584430911
2019-06-29,0.9473411939674853,3.4834653790915815
2019-06-30,1.504704381550142,4.330095797085463
2019-07-01,1.268196158155114,3.3440527414529444
2019-07-02,0.2772323349300001,0.794976304698481
2019-07-03,0.2879454498676317,1.7829676739303357
2019-07-04,1.0901717496375267,1.7844102849780696
2019-07-05,0.9910616478502521,0.9243664639536294
2019-07-06,0.44522984193273035,1.1064770153270456
2019-07-07,0.6191951107145974,0.7797479668017051
2019-07-08,0.7172644709423107,0.4239571461890955
2019-07-09,0.13659435835170108,0.9964310241449431
2019-07-10,0.4240762868652286,1.1613878407763112
2019-07-11,0.5043190846528962,-0.0700045343442729
2019-07-12,-0.11822839910023764,0.6125880703110214
2019-07-13,1.0578561424517914,0.8705228478495739
2019-07-14,0.5786009566884199,0.5814626369122335
2019-07-15,0.2895550876015116,0.8746074445839864
2019-07-16,-0.0873015176021601,0.11185678814527678
2019-07-17,0.08334178021185124,0.32873683571142953
2019-07-18,0.35394898308392564,0.4590386943050834
2019-07-19,0.48637416854740567,0.7467685205758797
2019-07-20,0.8782746507366833,0.8802255307251642
2019-07-21,1.1655706671172439,0.4732826503493385
2019-07-22,0.5688285457090274,-0.0486526131648537
2019-07-23,0.41613404131247267,0.39353675857337167
2019-07-24,-0.01919291625800612,-0.24291253507210753
2019-07-25,-0.18208222322631074,0.20990794902594456
2019-07-26,1.005183261385541,1.0660248998537836
2019-07-27,0.7886994996716796,0.6066830851728252
2019-07-28,0.5234513712106011,1.044241325309677
2019-07-29,0.10614428407691323,0.6256174019736738
2019-07-30,0.17412183279890658,1.4084273814186652
2019-07-31,-0.061980989497286476,0.47164344425850147
2019-08-01,-0.3698284905315393,-0.2215657096855908
2019-08-02,-0.03226055486639512,0.2743338042200687
2019-08-03,0.8615528416950355,1.1233356309458813
2019-08-04,0.8865801976963491,2.3604240784694013
2019-08-05,0.41992654591567524,1.264328770247598
2019-08-06,0.41940236171779777,0.49768759247668215
2019-08-07,0.7561572572650553,0.9906504055861928
2019-08-08,0.2840095619624651,0.24194600708091385
2019-08-09,-0.17769333493298256,-0.1275408106054775
2019-08-10,0.7886890044139799,1.5278141094022701
2019-08-11,0.8513000204420769,1.387800730246748
2019-08-12,0.32403162298064614,1.121739976505212
2019-08-13,0.914911376423386,1.7524825272330433
2019-08-14,-0.13480857932137869,0.5325881373874622
2019-08-15,0.42421438796281097,0.52988105421644
2019-08-16,0.39113527638656165,1.9709235464583796
2019-08-17,0.6718530468480268,1.7880801842124214
2019-08-18,0.8285316450556043,1.753655754609137
2019-08-19,1.1757998398424845,2.0037072035428194
2019-08-20,0.24855003329828174,0.8778431798684401
2019-08-21,0.03825306804741946,1.123103526593464
2019-08-22,0.23462149193407233,1.3418861684379775
2019-08-23,0.07488582929453524,0.6307609271508529
2019-08-24,0.8815408389988564,1.2772588972169925
2019-08-25,1.076464808699594,2.1780952467854093
2019-08-26,0.6562530221751504,1.509909950028855
2019-08-27,1.1098717056060705,1.9357811840337638
2019-08-28,1.068355465931579,1.174588989466927
2019-08-29,0.5709765478511073,1.17353856679085
2019-08-30,0.3060159882494128,1.6168591223795947
2019-08-31,0.3625256256427262,1.811545828420578
2019-09-01,1.1054099128989185,1.2519696294221874
2019-09-02,0.735878468575328,1.8848498545053658
2019-09-03,0.5655543710751463,0.8753896692634142
2019-09-04,0.35085145073475554,0.7854593778347353
2019-09-05,0.7212262285163258,0.9554074894345561
2019-09-06,0.5472114330066007,0.8822540639097336
2019-09-07,1.1979159844989118,1.5949117225076037
2019-09-08,1.291519796737262,1.6285884627900415
2019-09-09,1.0778406359097374,2.156011770504712
2019-09-10,0.8382537407243206,0.7587968003130662
2019-09-11,0.8887242922257844,0.8197587609884323
2019-09-12,0.44449883356832753,0.33138363007342314
2019-09-13,-0.14027984884573635,0.6496346428052184
2019-09-14,0.4117741107508291,0.8680170805896338
2019-09-15,0.8290608610887606,1.2716851289505844
2019-09-16,1.3607572350001034,1.2532036603952488
2019-09-17,0.5671833529699664,0.825525864172774
2019-09-18,0.633328827740067,0.49139925442371024
2019-09-19,0.4891905298256727,0.7391045273273876
2019-09-20,0.6102595191427166,0.650250848114442
2019-09-21,0.9552418018864138,1.8453852187918058
2019-09-22,1.1911949381741274,1.2651633339249062
2019-09-23,0.9853323589984753,1.2048310684776236
2019-09-24,1.075250242142177,1.1326604930959188
2019-09-25,0.839908954727243,0.18111475080389144
2019-09-26,-0.00067533477945797,-0.2607623122836398
2019-09-27,0.3630184535718271,-0.14432007074976705
2019-09-28,0.8394542498329226,0.5814601967061983
2019-09-29,1.7091844748817735,1.9132323875684663
2019-09-30,1.1128721512311226,1.735728551466892
2019-10-01,1.030411423481741,1.41297203190847
2019-10-02,0.44744140479673866,0.6241776544155145
2019-10-03,0.565215961759758,0.7310656471560776
2019-10-04,0.34226310535026044,0.6674400065653141
2019-10-05,0.8054308832199596,0.7610743032863481
2019-10-06,1.2830653937215197,1.5389601811666143
2019-10-07,1.002662798179737,1.0017290641251617
2019-10-08,0.4344380314251024,-0.028928380475858495
2019-10-09,0.5952893231172944,0.717595934632377
2019-10-10,0.6087197024633552,0.461986408414889
2019-10-11,0.23696008095823556,0.18113339212897084
2019-10-12,0.6600108857309079,0.6339593767998287
2019-10-13,1.2361702001345143,0.7924303511102752
2019-10-14,1.5689309609571294,0.9121633739419253
2019-10-15,1.211993607218099,1.03295088498585
2019-10-16,0.742069602506086,0.5255675120483259
2019-10-17,0.7638352026768369,0.8966936752130487
2019-10-18,0.9164032160532347,0.7187751434972354
2019-10-19,1.0258728227310947,0.7966247259825665
2019-10-20,1.7145749879849324,1.5957706730273677
2019-10-21,1.0895078671070344,0.6431334691208617
2019-10-22,0.9279451662820141,0.6119267505037944
2019-10-23,0.6876956105725189,0.26096273125598457
2019-10-24,1.0656112646730973,0.11860749942674209
2019-10-25,0.5422981900390935,0.22920622032549348
2019-10-26,1.2149070342330073,0.8231738175394007
2019-10-27,1.2001117824951932,0.5952184624798287
2019-10-28,1.368777707826068,1.0801192045874008
2019-10-29,0.8094152699767424,0.24408188603865139
2019-10-30,0.4704082736805182,0.36614095828442295
2019-10-31,0.6739953349857589,-0.4745162754011358
2019-11-01,0.7033664184859267,0.3767587471236554
2019-11-02,0.9421657345256214,1.1786451799563988
2019-11-03,0.9215424642151084,0.943055525940023
2019-11-04,0.9586299693114914,1.614577611028357
2019-11-05,0.9102354438843521,0.43491811806978653
2019-11-06,0.8641165754307987,0.5126354839178459
2019-11-07,0.4765639439005229,0.6135465953083585
2019-11-08,0.6604411415416007,1.4944456864091036
2019-11-09,0.5259163257219517,0.5508321171436186
2019-11-10,0.9614839401215851,1.4568573369625382
2019-11-11,1.0593838814767005,1.624871793366729
2019-11-12,1.0246363403864414,1.1888834497939222
2019-11-13,0.7051715194975586,0.4969742713140892
2019-11-14,0.70449003791729,0.42605296003707105
2019-11-15,1.0655811623097058,1.03324958174196
2019-11-16,0.8015896614654302,0.40112034376239175
2019-11-17,1.2729176997955363,1.0866383383197724
2019-11-18,0.826964618830998,0.8267951509584419
2019-11-19,1.2104472768546368,0.8465805750804725
2019-11-20,0.6111091519649635,0.2994011211326331
2019-11-21,0.8940647532844042,1.1250488967396173
2019-11-22,0.7198976716203115,0.2419056855560665
2019-11-23,1.3029333673456494,0.6438712696734677
2019-11-24,0.6813241051504761,0.9707318100530042
2019-11-25,1.462293471984013,0.7238352287747996
2019-11-26,1.079463760857018,1.3573731656722259
2019-11-27,0.26422027913390667,0.11508644468678114
2019-11-28,0.5887091863530487,0.4201226777999693
2019-11-29,0.6659126787678378,0.4512302689896823
2019-11-30,0.2667279683413918,0.6018135162376371
2019-12-01,1.1441026659320435,0.5534121792982811
2019-12-02,0.9530925716201964,0.9436725531576554
2019-12-03,0.9101315738388462,0.9928638823144973
2019-12-04,0.650068266556563,0.8118056765270252
2019-12-05,1.0837247148556224,1.649642117160551
2019-12-06,0.40086351457959113,-0.12375375384521978
2019-12-07,0.9939933678507873,1.4667793772677018
2019-12-08,0.8607181599266378,0.47552108386103575
2019-12-09,1.1699956196307564,1.1073493570387898
2019-12-10,1.2309399483223122,1.0976455003811392
2019-12-11,1.1200534051655064,0.5652808214392784
2019-12-12,1.5166693010007783,0.685410067890594
2019-12-13,0.8480892292269682,1.1547415601149464
2019-12-14,0.9693212242731558,1.0587523366135068
2019-12-15,1.4289101079854951,1.6758517119605683
2019-12-16,0.31172471828611503,0.7206647453795285
2019-12-17,0.9087091702447754,1.0730752955054643
2019-12-18,0.9099167665389275,0.2295515273522461
2019-12-19,0.44926560522321657,-0.3107059573249069
2019-12-20,0.8363698008520063,-0.3523226180181634
2019-12-21,0.642705104385471,1.0892179935983195
2019-12-22,0.9641403855955918,0.854075977619527
2019-12-23,1.5200123672900863,1.3086794694463366
2019-12-24,1.2159325275510877,2.5343058287845794
2019-12-25,2.090943987652181,3.147127221143106
2019-12-26,0.6816036185793914,1.9525917714593681
2019-12-27,0.3329297181138605,0.4677498452436457
2019-12-28,0.84011927856999,1.236369288914306
2019-12-29,0.7912538223214532,1.421733963773457
2019-12-30,0.9794840234792439,1.187876768581539
2019-12-31,1.781257549089331,1.3821536530422343
2020-01-01,2.3197551570363677,1.9258799119173773
2020-01-02,0.7508741500884932,1.421907429991716
2020-01-03,-0.2801965023521701,0.1916520879202669
2020-01-04,0.2920512526733411,0.731099819761496
2020-01-05,0.9996936609400808,2.1481165829890436
2020-01-06,1.1575092060902068,1.7380862859039792
2020-01-07,0.9266091478297132,0.6761859668733176
2020-01-08,0.6016832740827733,0.13875378243363723
2020-01-09,-0.08189375905706886,0.24941374433202512
2020-01-10,0.7148768356224883,1.0003614018143867
2020-01-11,0.3620131721929205,0.2965890066096367
2020-01-12,0.6648445688172333,1.302484223879588
2020-01-13,0.8671828790498226,1.5109871083687818
2020-01-14,0.6708267976824249,0.8930436613404024
2020-01-15,0.3738796858199067,-0.5407773294025049
2020-01-16,0.49459433850538204,0.11107048095436345
2020-01-17,0.3525463609532977,-0.06385176863094844
2020-01-18,0.7703573768740454,0.3378097310650585
2020-01-19,1.2729007973149706,0.5024242364649689
2020-01-20,0.5581078257919172,0.585295866176155
2020-01-21,1.1630564573051638,0.3171018873309466
2020-01-22,0.36990930513222997,0.11318532311083773
2020-01-23,-0.01806926244458462,-0.1763278685816289
2020-01-24,0.05956602006915801,0.06997674306436458
2020-01-25,0.5258091442156528,1.087040603945213
2020-01-26,1.1546064040459205,1.0278284385188967
2020-01-27,1.1638256206843618,0.4656149768745669
2020-01-28,0.8664156581678613,0.6425158929542418
2020-01-29,0.5709965882277808,-0.044538711209094806
2020-01-30,0.36754495367021645,1.254071061467921
2020-01-31,0.42946926755984194,0.21795498873646868
2020-02-01,0.8226690335875102,1.0814269345807817
2020-02-02,0.7269085291131349,0.7464038819847918
2020-02-03,1.7408892143371824,0.8841416679609769
2020-02-04,0.9068536380282357,0.09808997575722767
2020-02-05,0.8657820024219338,0.26110599731626993
2020-02-06,0.4625189028352903,0.43485976392457315
2020-02-07,1.0950301836169376,0.9499834221083924
2020-02-08,0.8604737510787617,0.42332034445008965
2020-02-09,0.9248221146468143,1.2624318408756114
2020-02-10,0.8770723806284213,1.1660793023074374
2020-02-11,0.7717363118406573,0.8057297057633765
2020-02-12,1.043100139032975,1.0891392464444396
2020-02-13,0.7985843267915849,1.0339454725095305
2020-02-14,0.8890817706211708,0.5701305462716357
2020-02-15,1.6533342811430347,1.875674981364908
2020-02-16,1.3386785440620879,2.7815619443328408
2020-02-17,0.7716517694753962,0.43359848500413534
2020-02-18,0.87053991450815,0.15127501765204676
2020-02-19,0.545256625205057,1.257183316179898
2020-02-20,0.4915572689124925,0.7649538574768702
2020-02-21,0.5434688779491044,1.2351307631660946
2020-02-22,1.0350052484303482,1.4770647337538918
2020-02-23,1.5741813244197145,1.3720859760753688
2020-02-24,1.4095684629593224,1.9279154881494827
2020-02-25,1.9897084719044613,2.8819685779892703
2020-02-26,1.4350375230976182,1.1807912355327455
2020-02-27,1.0078197380738692,1.3916759784027366
2020-02-28,1.330277857587716,1.3619935283856153
2020-02-29,1.5379544064678408,1.6628626797953086
2020-03-01,1.2730535113908157,2.196983983253759
2020-03-02,1.2851223358165695,1.7539283093752815
2020-03-03,1.3619711673329649,0.6151695318797191
2020-03-04,1.4176050578228718,1.580442418949286
2020-03-05,0.3410742412368559,1.2129874196566905
2020-03-06,0.8109396030576506,0.5964015051483499
2020-03-07,0.6828493912313948,0.497473233551783
2020-03-08,1.5052394362665416,1.2341898445025907
2020-03-09,1.9900307525512266,2.1139494221221753
2020-03-10,1.4231394842352045,1.3636858205670377
2020-03-11,1.1193774438569204,1.5241338813083722
2020-03-12,0.48165185151846,0.9275375639067416
2020-03-13,-0.17718814477998535,0.2403909425751683
2020-03-14,0.2429267553098594,0.5738722991913173
2020-03-15,0.14623392683961467,0.5094445999564707
2020-03-16,0.18265730933774593,0.7399640984107185
2020-03-17,0.30930310641276426,-0.007040113203889142
2020-03-18,0.653372810295697,1.1551103675681123
2020-03-19,-0.02027584712891195,0.7828553216474584
2020-03-20,0.2651314517121697,0.3161320650000624
2020-03-21,0.12595683415180825,1.092293315538211
2020-03-22,0.44406039500132577,1.6889496911450996
2020-03-23,-0.02093111499866973,0.7986443982754364
2020-03-24,0.08859872096860055,0.45472856024082753
2020-03-25,-0.008475009040652903,-0.6516596634245804
2020-03-26,0.2095542975445075,0.5644788597256071
2020-03-27,-0.057705793008028916,0.09595384602968271
2020-03-28,0.4086877310874253,0.5603089579927869
2020-03-29,0.4239231324404673,0.8419741926743849
2020-03-30,0.5268461640961886,0.5216924980514122
2020-03-31,0.036489493786089344,0.561432878069604
2020-04-01,-0.4505786926632882,0.42201852850628363
2020-04-02,-0.1138511890824756,1.4007094768451718
2020-04-03,-0.2636625310132994,0.2589177654340964
2020-04-04,-0.08954795667686577,1.2290281148044282
2020-04-05,0.4245402551327897,1.269988052683196
2020-04-06,0.039869156364332525,0.945781735676156
2020-04-07,-0.0009645627679999436,0.3412331017800183
2020-04-08,0.1515825677016842,1.2257076252777648
2020-04-09,0.6076722780947739,0.5217366974707318
2020-04-10,0.06013786297603452,0.4220692124523706
2020-04-11,0.44640240540778775,0.7853751378977486
2020-04-12,0.4767769102805426,1.7638247540254637
2020-04-13,0.28012338954331906,0.739224990266244
2020-04-14,0.44803923219184005,0.24690457579137304
2020-04-15,-0.082575969967011,0.787384793115087
2020-04-16,-0.1996347244810477,0.20558196763743286
2020-04-17,-0.2112471920249539,0.9584967508439382
2020-04-18,0.44207689627190816,0.7355198036095987
2020-04-19,-0.34186702149805703,0.9045851073103413
2020-04-20,0.5419066661143948,2.1789228654702013
2020-04-21,-0.4203089061941996,-0.044724042527660934
2020-04-22,-0.46353890164539346,0.2755360449430746
2020-04-23,-0.009867350259427088,0.9161546165928287
2020-04-24,0.005910509467993208,-0.1859759876320719
2020-04-25,0.8194324054495046,0.890040335055559
2020-04-26,0.40009499659553827,1.464872708138489
2020-04-27,0.3440016963367798,0.6809350554838043
2020-04-28,0.32201048616965045,0.8322592595746781
2020-04-29,0.37990027824852435,1.2696102575389066
2020-04-30,0.08565050279985975,0.7362670285589465
2020-05-01,-0.10567498328931135,-0.12460419796563693
2020-05-02,-0.029014348424707848,-0.02035364141645668
2020-05-03,0.7750433028728096,1.172096921078911
2020-05-04,0.14993497863147276,1.2946256782858534
2020-05-05,-0.006784226231765889,0.1886769001095272
2020-05-06,-0.1837594388899113,0.5911672289774386
2020-05-07,-0.10678627296851007,0.48605140631281807
2020-05-08,0.2520382031371131,0.008042393384471769
2020-05-09,0.6906323920738535,0.076561076629172
2020-05-10,0.4351139290414734,0.3002599466221172
2020-05-11,0.030001462500633735,-0.20416237982688834
2020-05-12,0.14728740824650588,-0.38134623351278796
2020-05-13,0.36244870927827133,0.12034118635893631
2020-05-14,0.32214386373366244,1.011590892076567
2020-05-15,0.5562611387712892,0.2511129934438485
2020-05-16,0.663323706582805,0.6216990874807908
2020-05-17,0.6933392341325368,0.5235099144927398
2020-05-18,0.6683728102769417,0.7763410164917366
2020-05-19,0.14124567986365122,0.7442606942141516
2020-05-20,0.4609007125503002,0.4707060882833838
2020-05-21,0.19071002628625822,0.5228040147585697
2020-05-22,0.5963903968177604,1.171970943445804
2020-05-23,0.7567475520858591,0.0395447722166431
2020-05-24,0.9654590679282342,1.1331881629502936
2020-05-25,0.6060042559815972,1.186780669540128
2020-05-26,0.5278022424968221,0.8941388292023007
2020-05-27,0.23230622278602553,1.20520108792478
2020-05-28,0.3290053979147367,0.8500817081652372
2020-05-29,0.24605721454085794,-0.5080380365011485
2020-05-30,0.624863981376691,0.8202269943290191
2020-05-31,0.7459517069592598,0.46645805501359294
